"date","time","period","s1a","s1x","s1i","s1s","s2a","s2x","s2i","s2s","s3a","s3x","s3i","s3s","d1a","d1s","d2a","d2s","h1a","h1x","h1i","t1a","t1x","t1i","b1a","b1x","b1i","p1a","p1x","p1i","p1s","tia","tix","tii","vxa","vxx","vxi","bla","blx","bli","bra","brx","bri"
2013-03-03,00:10:00,600, 8.90987, 9.30920, 8.39120, 0.20655, 8.88592, 9.26230, 8.34430, 0.21573, 8.42914, 8.93830, 7.83742, 0.27981,130,4,115,2,87,89,86, 0.15, 0.35, 0.05,1013,1013,1012, 6.83499, 7.47230, 6.05095, 0.25218,38,38,37,125,125,124,83,83,83,83,83,83
2013-03-03,00:20:00,600, 8.92823, 9.26330, 8.29940, 0.15606, 8.89510, 9.26230, 8.34430, 0.14688, 8.18145, 8.75482, 6.82828, 0.28439,138,3,121,3,90,92,88, 0.45, 0.85, 0.35,1013,1013,1012, 6.64242, 7.38060, 5.77585, 0.26135,37,37,37,125,125,124,83,83,83,83,83,83
2013-03-03,00:30:00,600, 8.92364, 9.40100, 8.43710, 0.21573, 8.91805, 9.35410, 8.43610, 0.17901, 8.19521, 8.61721, 7.37872, 0.20183,137,3,120,3,89,92,88, 0.85, 1.15, 0.45,1013,1013,1012, 6.76621, 7.42645, 5.91340, 0.26593,37,37,37,125,125,124,83,83,83,83,83,83
2013-03-03,00:40:00,600, 9.45149,10.22720, 8.39120, 0.33966, 9.37705,10.18030, 8.02300, 0.34884, 8.24566, 9.53461, 7.28698, 0.35320,132,2,117,3,90,91,89, 0.35, 0.45, 0.05,1013,1013,1013, 6.62408, 7.47230, 5.77585, 0.30720,37,37,37,124,125,124,83,83,83,83,83,83
2013-03-03,00:50:00,600, 9.04757,10.50260, 7.24370, 0.50490, 8.97313,10.59340, 7.33450, 0.50949, 8.03466, 9.25939, 6.92002, 0.40824,131,3,123,3,91,92,90,-0.25, 0.05,-0.45,1013,1014,1013, 6.78455, 8.06835, 6.09680, 0.30720,37,37,37,124,125,124,83,83,83,83,83,83
2013-03-03,01:00:00,600, 9.15773,10.54850, 7.70270, 0.54162, 9.05116,10.50160, 7.51810, 0.52326, 7.99338, 9.21352, 6.82828, 0.50916,130,3,122,3,92,93,91,-0.45,-0.35,-0.45,1013,1014,1013, 6.71119, 7.79325, 5.68415, 0.32095,37,37,37,124,125,124,83,83,83,83,83,83
2013-03-03,01:10:00,600, 8.93282, 9.90590, 7.61090, 0.40851, 8.84920, 9.95080, 7.60990, 0.40392, 7.71357, 8.61721, 6.46132, 0.34402,130,3,122,3,92,93,92,-0.45,-0.35,-0.55,1013,1014,1013, 6.22518, 7.65570, 5.31735, 0.41265,37,37,37,124,124,124,83,83,83,83,83,83
2013-03-03,01:20:00,600, 9.26330,10.08950, 7.70270, 0.39474, 9.16591,10.08850, 7.60990, 0.39015, 7.86953, 9.12178, 6.87415, 0.42659,128,3,118,2,92,94,91,-0.65,-0.45,-0.75,1013,1014,1013, 6.63325, 7.28890, 5.91340, 0.24759,37,37,37,124,124,124,83,83,83,83,83,83
2013-03-03,01:30:00,600, 9.45608,10.36490, 8.66660, 0.30753, 9.34951,10.40980, 8.48200, 0.31212, 8.20438, 8.93830, 7.56220, 0.24770,130,3,116,2,93,94,92,-0.65,-0.35,-0.75,1014,1014,1013, 6.63325, 7.19720, 5.86755, 0.25676,37,37,37,124,124,124,83,83,83,83,83,83
2013-03-03,01:40:00,600, 9.50198,10.45670, 8.34530, 0.37179, 9.41377,10.40980, 8.16070, 0.38097, 8.30988, 9.30526, 7.28698, 0.38989,129,2,118,3,92,93,91,-0.65,-0.45,-0.95,1014,1014,1013, 6.95878, 7.88495, 5.95925, 0.31637,37,37,37,124,124,124,83,83,83,83,83,83
2013-03-03,01:50:00,600, 9.85082,10.77800, 8.85020, 0.32589, 9.75343,10.63930, 8.84920, 0.33507, 8.50712, 9.44287, 7.37872, 0.33944,130,2,118,2,94,95,92,-0.85,-0.75,-0.95,1014,1014,1013, 6.92210, 7.97665, 6.05095, 0.29803,37,37,36,124,124,124,83,83,83,83,83,83
2013-03-03,02:00:00,600,10.12163,10.77800, 8.20760, 0.35802,10.00129,10.68520, 8.39020, 0.37638, 8.43373, 9.85570, 7.05763, 0.44953,135,3,123,2,94,96,93,-0.55,-0.35,-0.75,1014,1014,1013, 6.66076, 8.43515, 5.68415, 0.35763,36,36,36,124,124,124,83,83,83,83,83,83
2013-03-03,02:10:00,600,10.10786,10.68620, 9.17150, 0.19737,10.04719,10.54750, 9.03280, 0.22950, 8.57134, 9.25939, 7.74568, 0.29816,137,2,125,2,93,95,91, 0.05, 0.25,-0.35,1014,1014,1013, 6.60574, 7.38060, 5.86755, 0.25676,36,36,36,124,124,124,83,83,83,83,83,83
2013-03-03,02:20:00,600,10.09868,10.59440, 9.17150, 0.27999,10.05178,10.63930, 8.94100, 0.29376, 8.59886, 9.48874, 7.42459, 0.33485,137,2,127,2,91,92,90, 0.25, 0.35, 0.15,1014,1014,1014, 6.66993, 7.74740, 5.77585, 0.32095,36,36,36,124,124,124,83,83,83,83,83,83
2013-03-03,02:30:00,600, 9.78197,10.31900, 9.07970, 0.20655, 9.74884,10.36390, 9.03280, 0.22491, 8.45208, 9.76396, 7.28698, 0.38072,136,2,127,2,91,92,90, 0.15, 0.25, 0.05,1014,1014,1014, 6.54613, 7.70155, 5.63830, 0.33012,36,36,36,124,124,124,83,83,83,83,83,83
2013-03-03,02:40:00,600, 9.97934,10.59440, 9.17150, 0.25245, 9.93244,10.68520, 9.21640, 0.26163, 8.61721, 9.58048, 7.28698, 0.38531,133,2,126,2,91,92,90, 0.05, 0.25,-0.15,1014,1014,1014, 6.69744, 7.74740, 5.73000, 0.41724,36,36,36,124,124,124,83,83,83,83,83,83
2013-03-03,02:50:00,600,10.00229,10.73210, 7.70270, 0.51408, 9.89572,10.73110, 7.70170, 0.52785, 8.63097,10.03918, 7.37872, 0.44035,133,2,128,3,91,92,89,-0.15,-0.05,-0.35,1014,1014,1013, 6.99546, 8.25175, 5.95925, 0.39890,36,36,36,124,124,124,83,83,83,83,83,83
2013-03-03,03:00:00,600, 9.75902,10.36490, 8.16170, 0.35802, 9.67540,10.31800, 8.11480, 0.36720, 8.37869, 9.48874, 7.01176, 0.40824,132,3,127,3,91,93,89,-0.15, 0.05,-0.35,1014,1014,1014, 6.66993, 7.83910, 5.36320, 0.43099,36,36,36,124,124,124,83,83,83,83,83,83
2013-03-03,03:10:00,600, 8.77676,10.22720, 7.42730, 0.50490, 8.67478,10.22620, 7.28860, 0.50031, 7.40165, 8.93830, 6.00262, 0.47246,129,3,122,3,92,93,90,-0.75,-0.35,-0.85,1014,1015,1014, 5.64289, 6.83040, 4.49205, 0.41724,36,36,36,124,124,124,83,83,83,83,83,83
2013-03-03,03:20:00,600, 9.07052,10.08950, 7.61090, 0.37638, 8.98690, 9.90490, 7.88530, 0.37638, 8.00714, 9.12178, 6.87415, 0.37155,130,3,123,2,93,94,92,-0.75,-0.65,-0.85,1014,1015,1014, 6.69285, 7.83910, 5.59245, 0.37597,36,36,36,124,124,124,83,83,83,83,83,83
2013-03-03,03:30:00,600, 9.03839,10.04360, 7.84040, 0.32130, 8.95018, 9.81310, 7.70170, 0.33048, 7.60348, 8.84656, 6.14023, 0.49998,131,3,122,3,94,95,92,-0.45,-0.35,-0.65,1014,1015,1014, 5.82629, 7.33475, 4.85885, 0.49518,36,36,36,124,124,124,83,83,83,83,83,83
2013-03-03,03:40:00,600, 8.95118,10.27310, 7.47320, 0.50490, 8.84920,10.18030, 7.38040, 0.51867, 7.29615, 8.80069, 5.86501, 0.52292,131,3,126,5,94,97,92,-0.75,-0.45,-0.85,1015,1015,1014, 5.27609, 6.37190, 4.30865, 0.46767,36,36,36,124,124,124,83,83,83,83,83,83
2013-03-03,03:50:00,600, 8.64365, 9.67640, 7.97810, 0.34425, 8.61052, 9.67540, 7.79350, 0.30753, 7.14020, 8.25025, 5.77327, 0.38989,132,3,124,4,93,97,90, 0.05, 0.35,-0.45,1015,1015,1014, 4.81759, 6.00510, 3.75845, 0.44016,36,36,36,124,124,124,83,83,83,83,83,83
2013-03-03,04:00:00,600, 8.85938, 9.58460, 8.02400, 0.38097, 8.88133, 9.58360, 8.06890, 0.35802, 7.58514, 8.52547, 6.46132, 0.33944,132,2,123,3,93,94,91, 0.05, 0.35,-0.35,1015,1015,1014, 5.31735, 6.28020, 4.40035, 0.33471,36,36,36,124,124,124,83,83,83,83,83,83
2013-03-03,04:10:00,600, 8.17547, 8.89610, 7.56500, 0.26622, 8.23414, 8.94100, 7.60990, 0.27540, 7.80990, 8.57134, 6.82828, 0.29816,130,1,118,4,90,92,89, 0.45, 0.55, 0.35,1015,1015,1014, 5.59245, 6.50945, 4.90470, 0.27052,36,36,36,124,124,124,83,83,83,83,83,83
2013-03-03,04:20:00,600, 7.73483, 8.11580, 7.38140, 0.14229, 7.79350, 8.25250, 7.42630, 0.15147, 8.33740, 8.70895, 7.92916, 0.16054,126,1,112,2,88,89,88, 0.55, 0.65, 0.45,1015,1015,1014, 6.32147, 7.33475, 5.31735, 0.36222,36,36,36,124,124,124,83,83,83,83,83,83
2013-03-03,04:30:00,600, 7.81745, 8.48300, 7.42730, 0.22491, 7.84858, 8.52790, 7.42630, 0.24786, 8.64473, 9.71809, 7.97503, 0.46787,124,1,110,1,87,88,85, 0.65, 0.65, 0.55,1015,1015,1014, 7.07341, 7.60985, 6.46360, 0.23384,35,36,35,124,125,124,83,83,83,83,83,83
2013-03-03,04:40:00,600, 7.48697, 8.11580, 6.83060, 0.29376, 7.53646, 8.25250, 6.78370, 0.31212, 8.50712, 9.62635, 7.42459, 0.59172,123,1,111,1,86,87,85, 0.65, 0.85, 0.45,1015,1015,1014, 7.29807, 7.60985, 6.92210, 0.11463,35,35,35,125,125,124,83,83,83,83,83,83
2013-03-03,04:50:00,600, 6.87191, 7.38140, 6.37160, 0.17442, 6.90304, 7.33450, 6.32470, 0.18360, 7.86035, 8.80069, 7.14937, 0.36696,121,1,110,1,82,85,81, 0.95, 1.05, 0.85,1015,1015,1015, 7.53649, 7.93080, 7.05965, 0.19716,35,35,35,126,126,125,83,83,83,83,83,83
2013-03-03,05:00:00,600, 7.23452, 7.65680, 6.73880, 0.16983, 7.26565, 7.70170, 6.78370, 0.16524, 8.41538, 9.03004, 7.74568, 0.27063,117,1,106,2,81,81,80, 1.05, 1.15, 1.05,1015,1016,1015, 7.22930, 7.88495, 6.32605, 0.27510,35,36,35,127,128,126,83,83,83,83,83,83
2013-03-03,05:10:00,600, 6.94535, 7.79450, 6.55520, 0.26163, 7.03615, 7.93120, 6.55420, 0.28917, 7.95209, 8.66308, 7.51633, 0.22476,116,1,102,3,81,82,79, 0.95, 1.15, 0.85,1015,1016,1015, 6.36273, 7.33475, 4.99640, 0.42182,36,36,36,128,130,128,83,83,83,83,83,83
2013-03-03,05:20:00,600, 7.88171,10.86980, 6.73880, 1.06029, 7.94497,10.59340, 6.73780, 1.01898, 7.64935, 9.53461, 6.36958, 0.38989,113,3,96,5,81,83,78, 0.65, 0.85,-0.55,1015,1016,1015, 5.29443, 6.37190, 4.07940, 0.44475,36,36,36,130,131,129,83,83,83,83,83,83
2013-03-03,05:30:00,600, 9.19904, 9.95180, 8.52890, 0.24786, 9.12919, 9.81310, 8.52790, 0.25704, 8.25484, 9.07591, 6.78241, 0.37613,110,1,103,5,87,91,79,-1.35,-0.55,-1.65,1016,1016,1015, 6.14724, 7.97665, 4.49205, 0.67858,36,37,36,132,133,131,83,83,83,83,83,83
2013-03-03,05:40:00,600, 9.07052,10.36490, 7.61090, 0.34884, 8.94100, 9.99670, 7.70170, 0.35802, 7.70440, 8.89243, 6.00262, 0.48622,110,2,104,4,92,94,90,-1.65,-1.65,-1.75,1016,1016,1015, 6.31688, 7.74740, 4.99640, 0.49518,37,37,37,134,136,133,83,83,83,83,83,83
2013-03-03,05:50:00,600, 8.58398, 9.63050, 6.96830, 0.54621, 8.46823, 9.67540, 6.73780, 0.55080, 7.10350, 8.43373, 4.94761, 0.54127,111,3,102,5,94,95,92,-1.45,-1.25,-1.75,1015,1016,1015, 5.83546, 7.42645, 3.89600, 0.60064,37,38,37,137,139,135,83,83,83,83,83,83
2013-03-03,06:00:00,600, 7.83581, 9.03380, 6.55520, 0.46359, 7.75678, 9.03280, 6.55420, 0.46359, 6.68608, 7.74568, 5.22283, 0.44035,110,3,102,5,92,93,91,-1.25,-1.25,-1.35,1015,1016,1015, 5.37237, 6.92210, 3.71260, 0.62356,38,38,38,140,140,139,83,83,83,83,83,83
2013-03-03,06:10:00,600, 7.19321, 8.52890, 5.63720, 0.50490, 7.10959, 8.39020, 5.49850, 0.49113, 6.24114, 7.56220, 4.53478, 0.54127,112,4,107,4,91,92,90,-1.25,-1.15,-1.35,1015,1016,1015, 5.41364, 6.83040, 3.98770, 0.54103,38,39,38,140,140,140,83,83,83,83,83,83
2013-03-03,06:20:00,600, 6.50012, 8.16170, 4.16840, 0.65178, 6.46240, 8.20660, 4.21330, 0.64260, 5.88795, 7.83742, 4.07608, 0.63301,109,5,107,6,91,91,90,-1.15,-1.15,-1.25,1015,1016,1015, 5.21648, 6.96795, 3.80430, 0.55479,39,39,39,140,140,140,83,83,83,83,83,83
2013-03-03,06:30:00,600, 5.89883, 7.84040, 3.57170, 0.78948, 5.88865, 7.70170, 3.66250, 0.76194, 5.45218, 7.10350, 3.89260, 0.65135,106,6,103,6,91,92,91,-0.85,-0.65,-1.15,1015,1016,1015, 5.16605, 6.23435, 3.62090, 0.49977,39,40,39,140,140,140,83,83,83,83,83,83
2013-03-03,06:40:00,600, 5.42606, 6.73880, 3.70940, 0.66096, 5.38375, 6.69190, 3.66250, 0.68850, 5.24576, 6.59893, 3.34216, 0.66970,99,5,99,5,91,91,90,-0.45,-0.25,-0.65,1015,1016,1015, 5.20273, 6.28020, 3.66675, 0.58230,40,40,40,140,140,139,83,83,83,83,83,83
2013-03-03,06:50:00,600, 4.71920, 6.50930, 3.02090, 0.71604, 4.70443, 6.18700, 2.88220, 0.69309, 4.57148, 6.23197, 2.74585, 0.62383,97,6,95,6,90,90,89,-0.05, 0.25,-0.25,1015,1016,1015, 4.54249, 6.00510, 3.43750, 0.58230,41,41,40,139,140,138,83,83,83,83,83,83
2013-03-03,07:00:00,600, 4.36118, 5.86670, 2.79140, 0.59211, 4.35100, 6.04930, 2.92810, 0.61506, 4.26415, 5.49805, 2.42476, 0.61007,87,8,84,9,88,89,87, 0.45, 0.75, 0.25,1015,1016,1015, 4.16652, 5.63830, 2.65805, 0.54562,41,42,41,139,139,138,83,83,83,83,83,83
2013-03-03,07:10:00,600, 4.93493, 6.46340, 3.34220, 0.58752, 4.92934, 6.55420, 3.57070, 0.56916, 4.85587, 5.86501, 3.47977, 0.45411,85,7,81,6,86,87,85, 0.75, 0.85, 0.65,1015,1016,1015, 4.75798, 6.09680, 3.39165, 0.50435,42,42,42,139,139,138,83,83,83,83,83,83
2013-03-03,07:20:00,600, 5.27000, 6.50930, 3.80120, 0.61506, 5.25982, 6.60010, 3.70840, 0.60129, 5.27787, 7.05763, 3.20455, 0.64218,85,7,83,6,84,85,84, 1.05, 1.25, 0.85,1015,1015,1015, 5.23941, 6.78455, 3.39165, 0.56396,42,43,42,138,139,138,83,83,83,83,83,83
2013-03-03,07:30:00,600, 5.57294, 7.42730, 3.06680, 0.74358, 5.53522, 7.42630, 2.97400, 0.76194, 5.42924, 7.14937, 3.61738, 0.77520,81,8,81,8,82,84,81, 1.45, 1.65, 1.25,1015,1015,1015, 5.39530, 7.19720, 3.80430, 0.62356,43,43,43,138,139,138,83,83,83,83,83,83
2013-03-03,07:40:00,600, 5.32049, 6.96830, 3.66350, 0.64260, 5.34703, 7.01320, 3.61660, 0.64260, 5.31916, 7.19524, 3.47977, 0.72016,72,8,72,7,80,82,78, 1.75, 1.75, 1.65,1015,1015,1015, 5.25775, 6.83040, 3.11655, 0.70151,43,43,43,138,138,138,83,83,83,83,83,83
2013-03-03,07:50:00,600, 6.14210, 7.93220, 3.93890, 0.75735, 6.13192, 7.79350, 4.21330, 0.75276, 6.14023, 7.97503, 2.51650, 0.84401,75,8,74,11,78,79,74, 2.05, 2.25, 1.75,1015,1015,1015, 6.04637, 8.48100, 4.03355, 0.86657,44,44,43,138,138,138,83,83,83,83,83,83
2013-03-03,08:00:00,600, 6.87191, 8.43710, 4.58150, 0.70686, 6.87091, 8.66560, 4.71820, 0.71145, 6.78241, 8.75482, 4.35130, 0.70640,71,7,72,9,74,75,73, 2.25, 2.35, 2.15,1015,1015,1014, 6.64242, 8.71025, 4.72130, 0.70151,44,44,44,138,138,138,83,83,83,83,83,83
2013-03-03,08:10:00,600, 7.19321, 8.89610, 5.04050, 0.70686, 7.17844, 9.03280, 5.36080, 0.70227, 7.04387, 8.80069, 4.67239, 0.71098,74,8,77,8,71,73,68, 2.45, 2.55, 2.25,1015,1015,1014, 6.92210, 9.03120, 4.26280, 0.77028,44,44,44,138,138,137,83,83,83,83,83,83
2013-03-03,08:20:00,600, 7.22075, 9.30920, 5.40770, 0.68850, 7.18303, 9.17050, 5.13130, 0.71145, 7.08057, 8.98417, 5.54392, 0.58714,69,7,72,9,70,71,68, 2.65, 2.95, 2.55,1015,1015,1014, 6.92669, 8.93950, 5.04225, 0.66483,45,45,44,138,138,138,83,83,83,83,83,83
2013-03-03,08:30:00,600, 7.54664, 9.86000, 5.82080, 0.67473, 7.51351, 9.40000, 5.72800, 0.65637, 7.43376, 9.30526, 5.45218, 0.69722,67,9,69,9,66,68,64, 2.95, 3.05, 2.85,1015,1015,1014, 7.23388, 9.21460, 5.54660, 0.71526,45,45,45,138,138,137,83,83,83,83,83,83
2013-03-03,08:40:00,600, 7.84499,10.64030, 5.36180, 1.02357, 7.84858,10.27210, 4.90180, 1.02816, 7.74109,10.31440, 5.72740, 0.89446,69,8,68,7,64,66,63, 3.15, 3.35, 3.05,1015,1015,1014, 7.62361, 9.76480, 5.13395, 0.80238,45,46,45,138,138,137,83,83,83,83,83,83
2013-03-03,08:50:00,600, 8.09285,11.00750, 5.49950, 1.06488, 8.09185,11.60320, 5.59030, 1.04193, 8.02090,10.77310, 4.76413, 1.05960,74,8,77,9,60,64,58, 3.35, 3.45, 3.35,1015,1015,1014, 7.72448,10.63595, 4.76715, 1.08665,46,46,46,138,138,137,83,83,83,83,83,83
2013-03-03,09:00:00,600, 8.20301,11.00750, 4.90280, 1.21176, 8.18365,10.96060, 4.62640, 1.19340, 8.04383,10.49788, 4.58065, 1.19262,79,13,81,14,58,61,55, 3.55, 3.75, 3.35,1015,1015,1014, 7.94456,10.81935, 3.80430, 1.22420,46,46,46,138,140,137,83,83,83,83,83,83
2013-03-03,09:10:00,600, 9.06134,11.19110, 7.10600, 0.82620, 9.02821,11.23600, 7.24270, 0.82161, 8.84656,11.14006, 6.09436, 0.92657,76,6,78,8,54,57,52, 3.65, 3.75, 3.45,1014,1015,1014, 8.59563,10.81935, 5.91340, 0.93993,46,46,46,138,138,137,83,83,83,83,83,83
2013-03-03,09:20:00,600, 8.63447,11.19110, 4.85690, 1.18422, 8.62429,11.37370, 5.08540, 1.20717, 8.56217,11.87398, 6.23197, 1.16510,82,8,85,8,53,55,51, 3.65, 3.95, 3.55,1014,1015,1014, 8.32052,11.09445, 5.82170, 1.14167,46,46,46,138,138,137,83,83,83,83,83,83
2013-03-03,09:30:00,600, 9.19445,11.69600, 6.87650, 0.82161, 9.17509,11.78680, 7.01320, 0.81702, 8.99334,11.04832, 6.55306, 0.85318,82,8,84,9,53,55,51, 3.85, 3.95, 3.75,1014,1015,1014, 8.90282,11.50710, 6.73870, 0.87115,47,47,46,138,138,137,83,83,83,83,83,83
2013-03-03,09:40:00,600, 9.49739,11.37470, 7.15190, 0.62883, 9.46426,11.28190, 7.05910, 0.61047, 9.36489,12.05746, 6.36958, 0.77979,78,12,80,12,53,54,51, 3.85, 3.95, 3.75,1014,1015,1014, 9.28796,11.41540, 7.01380, 0.86198,47,47,47,138,138,137,83,83,83,83,83,83
2013-03-03,09:50:00,600, 9.81869,12.47630, 7.19780, 0.94554, 9.77179,12.65890, 7.05910, 0.95013, 9.48415,11.59876, 7.14937, 0.96786,65,6,67,7,53,54,51, 4.05, 4.15, 3.85,1014,1015,1014, 9.38883,11.59880, 7.05965, 0.89408,47,47,47,137,138,137,83,83,83,83,83,83
2013-03-03,10:00:00,600, 9.64427,12.52220, 4.44380, 1.23012, 9.63868,12.47530, 4.94770, 1.18881, 9.42911,12.60790, 4.76413, 1.28436,77,11,77,11,50,52,48, 4.35, 4.45, 4.15,1014,1015,1014, 9.22377,12.05730, 6.00510, 1.15542,47,47,47,137,138,137,83,83,83,83,83,83
2013-03-03,10:10:00,600,10.15376,12.52220, 7.15190, 1.14291,10.11145,12.33760, 7.24270, 1.12455,10.05753,12.42442, 7.01176, 1.22014,73,5,74,6,49,51,49, 4.15, 4.35, 4.05,1014,1014,1014, 9.86109,12.28655, 6.05095, 1.27005,47,47,47,137,138,136,83,83,83,83,83,83
2013-03-03,10:20:00,600, 9.48362,12.56810, 7.33550, 0.87669, 9.45508,12.47530, 6.92140, 0.86292, 9.36489,11.64463, 6.87415, 0.91281,67,8,71,7,50,51,49, 4.45, 4.55, 4.25,1014,1014,1013, 9.37049,12.14900, 6.23435, 0.96744,47,47,47,137,138,136,83,83,83,83,83,83
2013-03-03,10:30:00,600, 8.93282,12.84350, 5.82080, 1.27143, 8.93641,12.52120, 6.14110, 1.24389, 8.82821,12.14920, 5.95675, 1.19262,77,8,79,10,51,52,50, 4.45, 4.55, 4.45,1014,1014,1013, 8.45808,11.41540, 5.54660, 1.29756,47,48,47,137,138,136,83,83,83,83,83,83
2013-03-03,10:40:00,600, 9.91049,12.98120, 7.01420, 1.12455, 9.90490,12.70480, 7.15090, 1.08324, 9.68139,12.47029, 7.01176, 1.05960,69,10,72,10,53,54,52, 4.45, 4.45, 4.35,1013,1014,1013, 9.39800,11.96560, 6.55530, 1.19210,48,48,48,137,140,137,83,83,83,83,83,83
2013-03-03,10:50:00,600, 9.83705,13.71560, 7.19780, 1.15209, 9.83146,13.53100, 7.05910, 1.15209, 9.63552,13.11247, 7.14937, 1.09629,72,8,74,8,54,55,53, 4.35, 4.45, 4.35,1013,1014,1013, 9.36591,13.47865, 6.50945, 1.27463,48,48,48,138,138,137,83,83,83,83,83,83
2013-03-03,11:00:00,600,10.36031,13.80740, 7.28960, 1.40454,10.29964,13.39330, 7.05910, 1.36323,10.07129,14.02987, 7.05763, 1.34399,73,8,74,9,53,54,52, 4.45, 4.55, 4.35,1013,1014,1013, 9.71437,13.29525, 5.95925, 1.43511,48,48,47,138,138,137,83,83,83,83,83,83
2013-03-03,11:10:00,600,11.17274,14.31230, 7.42730, 1.40454,11.08453,14.26540, 7.65580, 1.37700,10.92906,14.12161, 7.37872, 1.33023,66,8,68,9,54,55,53, 4.45, 4.55, 4.45,1013,1014,1013,10.73224,14.16640, 6.64700, 1.33882,48,48,47,137,139,135,83,83,83,83,83,83
2013-03-03,11:20:00,600,11.20028,13.66970, 9.17150, 0.78948,11.15797,13.48510, 9.26230, 0.80784,10.96575,12.97486, 8.47960, 0.86236,74,5,77,5,54,55,52, 4.45, 4.65, 4.45,1013,1013,1013,10.62220,13.29525, 7.79325, 0.92617,48,48,48,137,138,136,83,83,83,83,83,83
2013-03-03,11:30:00,600, 9.57542,12.38450, 6.41750, 1.28979, 9.54229,12.38350, 6.64600, 1.27602, 9.23646,12.24094, 5.63566, 1.41738,68,6,71,5,54,55,53, 4.45, 4.55, 4.35,1013,1013,1013, 9.15500,12.28655, 5.77585, 1.39384,48,48,48,138,139,136,83,83,83,83,83,83
2013-03-03,11:40:00,600,10.46588,12.88940, 6.87650, 1.13373,10.42816,12.98020, 6.69190, 1.13832,10.22266,13.15834, 7.05763, 1.18803,63,6,68,6,54,55,53, 4.55, 4.65, 4.45,1013,1013,1013, 9.89777,13.24940, 7.28890, 1.18293,48,48,47,138,138,136,83,83,83,83,83,83
2013-03-03,11:50:00,600,10.74587,13.07300, 7.61090, 0.84456,10.68061,12.79660, 7.56400, 0.83538,10.64008,12.60790, 7.60807, 0.84859,58,5,59,6,55,56,54, 4.55, 4.65, 4.45,1013,1013,1012,10.31500,12.56165, 7.19720, 0.98578,47,47,47,137,138,137,83,83,83,83,83,83
2013-03-03,12:00:00,600,11.95763,13.80740, 9.03380, 0.87669,11.89237,13.62280, 9.21640, 0.83997,11.57583,13.57117, 8.25025, 0.96327,60,4,61,7,55,57,54, 4.65, 4.75, 4.55,1013,1013,1012,11.18157,13.66205, 7.88495, 1.16459,47,47,47,137,138,137,83,83,83,83,83,83
2013-03-03,12:10:00,600,11.00291,12.98120, 8.48300, 0.83538,10.93765,12.61300, 8.39020, 0.81243,10.76393,12.60790, 8.25025, 0.86694,59,4,60,5,55,57,54, 4.65, 4.75, 4.55,1013,1013,1012,10.53967,12.37825, 7.97665, 0.79779,47,47,47,137,138,137,83,83,83,83,83,83
2013-03-03,12:20:00,600,11.76944,13.80740, 9.44690, 0.77112,11.70418,13.66870, 9.58360, 0.73899,11.44280,13.84639, 9.12178, 0.77520,67,6,69,7,56,57,55, 4.55, 4.65, 4.55,1013,1013,1012,10.97983,13.98300, 8.25175, 1.04538,47,47,47,138,138,137,83,83,83,83,83,83
2013-03-03,12:30:00,600,11.75567,14.86310, 8.20760, 1.07865,11.71336,14.26540, 8.84920, 1.02357,11.43822,14.16748, 7.69981, 1.03666,65,6,68,6,55,57,54, 4.85, 4.95, 4.55,1013,1013,1012,11.12655,13.75375, 7.47230, 1.11416,47,47,47,137,138,137,83,83,83,83,83,83
2013-03-03,12:40:00,600,11.57666,14.45000, 8.11580, 1.21176,11.51599,14.58670, 8.06890, 1.16127,11.32813,14.21335, 6.92002, 1.30729,66,8,69,9,54,55,53, 4.95, 5.05, 4.85,1012,1013,1012,11.06694,14.39565, 6.96795, 1.30214,47,47,47,137,138,137,83,83,83,83,83,83
2013-03-03,12:50:00,600,11.88419,13.94510, 9.21740, 1.04193,11.82811,13.94410, 9.07870, 1.05570,11.55289,14.25922, 8.52547, 1.11923,66,5,68,5,52,54,51, 4.95, 5.15, 4.85,1012,1013,1012,11.29161,14.48735, 7.79325, 1.21503,48,48,47,137,138,137,83,83,83,83,83,83
2013-03-03,13:00:00,600,11.11766,13.39430, 8.80430, 0.96849,11.02486,13.20970, 8.57380, 0.97767,10.73640,13.25008, 7.88329, 0.99538,67,5,70,5,53,54,51, 4.85, 5.05, 4.85,1012,1012,1012,10.50757,13.57035, 7.42645, 1.19669,48,48,48,137,138,137,83,83,83,83,83,83
2013-03-03,13:10:00,600,11.38847,13.71560, 6.69290, 1.12914,11.37370,13.76050, 7.19680, 1.09242,11.14923,13.38769, 6.92002, 1.10547,67,8,68,9,51,53,51, 5.05, 5.15, 5.05,1012,1012,1012,10.97066,13.38695, 7.10550, 1.11874,48,48,48,137,138,137,83,83,83,83,83,83
2013-03-03,13:20:00,600,11.72813,15.91880, 9.63050, 1.03734,11.70877,15.64240, 9.62950, 1.03275,11.57124,16.18576, 9.35113, 1.12840,63,6,66,7,50,51,49, 5.05, 5.15, 5.05,1012,1012,1012,11.26868,14.94585, 8.84780, 1.13708,48,48,48,137,138,137,83,83,83,83,83,83
2013-03-03,13:30:00,600,11.57666,14.49590, 8.29940, 1.17963,11.52058,14.44900, 8.29840, 1.19340,11.35106,14.48857, 8.61721, 1.13299,67,7,71,7,50,51,48, 5.15, 5.35, 5.05,1012,1012,1012,10.95690,13.57035, 8.02250, 1.11874,48,48,48,137,138,137,83,83,83,83,83,83
2013-03-03,13:40:00,600,12.07238,15.04670, 8.25350, 1.24848,11.98876,14.99980, 7.88530, 1.23930,11.63546,14.39683, 8.57134, 1.11923,65,5,67,5,49,49,48, 5.15, 5.25, 5.15,1012,1012,1011,11.37872,14.07470, 8.25175, 1.13250,48,48,48,137,138,137,83,83,83,83,83,83
2013-03-03,13:50:00,600,12.86645,14.58770,10.82390, 0.70227,12.79660,14.58670,11.05240, 0.70686,12.50240,14.62618,10.77310, 0.73392,67,4,69,5,49,50,48, 5.05, 5.15, 5.05,1012,1012,1011,11.90600,14.62490, 9.03120, 0.92159,48,48,48,137,138,137,83,83,83,83,83,83
2013-03-03,14:00:00,600,12.38909,14.31230, 9.07970, 0.90423,12.31924,14.35720, 8.75740, 0.90423,12.09416,14.35096, 8.75482, 0.94034,66,5,69,5,48,49,46, 5.05, 5.15, 5.05,1012,1012,1011,11.73177,14.39565, 8.43515, 0.95827,48,48,48,137,137,137,83,83,83,83,83,83
2013-03-03,14:10:00,600,12.15959,14.40410, 9.67640, 0.87210,12.10810,14.08180, 9.76720, 0.85833,11.65839,13.93813, 9.35113, 0.89905,69,4,70,5,46,47,45, 5.05, 5.05, 4.95,1012,1012,1011,11.26410,13.24940, 8.71025, 0.88032,48,48,48,137,138,136,83,83,83,83,83,83
2013-03-03,14:20:00,600,11.64092,13.62380, 8.20760, 1.25766,11.53894,13.85230, 8.39020, 1.28061,11.26391,14.12161, 8.02090, 1.27519,67,4,70,5,47,47,45, 4.95, 5.05, 4.95,1011,1012,1011,11.06236,13.66205, 7.24305, 1.22878,48,48,48,137,138,137,83,83,83,83,83,83
2013-03-03,14:30:00,600,12.02648,13.44020, 9.35510, 0.70227,11.91073,13.43920, 9.67540, 0.72063,11.39693,13.38769, 8.43373, 0.95410,65,4,67,4,44,45,43, 4.95, 5.05, 4.85,1011,1012,1011,10.91105,13.02015, 8.29760, 0.99036,48,48,48,137,138,137,83,83,83,83,83,83
2013-03-03,14:40:00,600,11.52158,13.39430, 9.35510, 0.90423,11.46091,13.30150, 9.26230, 0.90882,11.01162,13.66291, 8.29612, 1.08253,63,4,65,5,44,45,43, 4.85, 4.85, 4.65,1011,1012,1011,10.42504,13.61620, 8.06835, 1.11874,48,48,48,137,138,137,83,83,83,83,83,83
2013-03-03,14:50:00,600,11.97599,13.53200, 8.39120, 0.91800,11.94286,13.85230, 8.29840, 0.89505,11.52078,13.20421, 8.43373, 0.91281,65,3,66,5,42,43,41, 4.65, 4.75, 4.65,1011,1011,1011,10.77350,12.74505, 7.42645, 1.03163,48,48,47,138,138,137,83,83,83,83,83,83
2013-03-03,15:00:00,600,11.73731,12.98120, 9.44690, 0.50490,11.67664,13.25560, 9.30820, 0.51408,11.45198,12.69964, 8.75482, 0.63759,65,2,67,4,43,43,42, 4.65, 4.65, 4.65,1011,1011,1011,10.50757,12.92845, 7.88495, 0.76111,47,47,47,138,138,137,83,83,83,83,83,83
2013-03-03,15:10:00,600,10.49342,12.33860, 8.71250, 0.71145,10.40980,12.15400, 8.52790, 0.67932,10.08505,11.82811, 8.06677, 0.75685,64,3,66,4,45,46,43, 4.55, 4.65, 4.55,1011,1011,1011, 9.37049,11.73635, 7.10550, 0.81155,47,47,47,138,138,138,83,83,83,83,83,83
2013-03-03,15:20:00,600,11.53994,13.02710, 9.90590, 0.57834,11.46550,12.84250,10.04260, 0.55998,11.03915,12.33268, 8.52547, 0.65594,61,3,63,4,48,50,45, 4.45, 4.55, 4.45,1011,1011,1011, 9.98488,11.82805, 7.60985, 0.78862,47,47,46,138,138,138,83,83,83,83,83,83
2013-03-03,15:30:00,600,11.64551,13.94510, 8.71250, 0.80784,11.57566,13.43920, 8.75740, 0.80784,10.96117,13.43356, 7.92916, 1.00914,61,3,63,4,49,51,48, 4.35, 4.45, 4.25,1011,1012,1011, 9.94362,13.02015, 7.42645, 1.01329,46,46,46,135,138,130,83,83,83,83,83,83
2013-03-03,15:40:00,600,11.11307,12.43040, 9.90590, 0.41769,11.03863,12.19990, 9.90490, 0.41769,10.56210,11.87398, 9.12178, 0.52751,60,2,61,3,50,52,49, 4.15, 4.25, 4.05,1011,1011,1011, 9.54931,11.36955, 7.79325, 0.62815,46,46,46,130,130,129,83,83,83,83,83,83
2013-03-03,15:50:00,600,11.20028,12.61400, 9.44690, 0.60129,11.09830,12.52120, 9.44590, 0.60588,10.58503,11.96572, 8.93830, 0.59172,56,3,58,4,53,55,52, 4.05, 4.05, 3.95,1011,1011,1011, 9.30172,10.91105, 7.33475, 0.66024,45,46,45,128,129,128,83,83,83,83,83,83
2013-03-03,16:00:00,600,11.19110,12.20090, 9.81410, 0.46359,11.11666,12.06220, 9.67540, 0.45441,10.64925,11.87398, 9.35113, 0.45870,51,2,53,4,56,57,55, 3.85, 3.95, 3.75,1011,1011,1011, 9.49887,11.41540, 7.83910, 0.59605,45,45,45,128,128,128,83,83,83,83,83,83
2013-03-03,16:10:00,600,10.66325,12.01730, 9.44690, 0.42687,10.58881,11.78680, 9.53770, 0.42687,10.03459,10.95658, 9.03004, 0.37155,50,2,49,3,58,58,57, 3.75, 3.85, 3.55,1011,1011,1010, 9.01745,10.45255, 7.79325, 0.43558,45,45,44,128,128,128,83,83,83,83,83,83
2013-03-03,16:20:00,600,10.90193,11.97140, 9.67640, 0.39474,10.79536,12.01630, 9.67540, 0.40851,10.22725,11.50702, 8.84656, 0.48163,55,3,56,4,56,57,55, 3.45, 3.65, 3.45,1011,1011,1011, 9.04037,10.77350, 7.19720, 0.58230,44,44,44,128,128,127,83,83,83,83,83,83
2013-03-03,16:30:00,600,10.84685,11.60420, 9.76820, 0.28917,10.77700,11.64910, 9.72130, 0.28917,10.19055,11.09419, 8.93830, 0.33944,57,2,58,3,55,56,54, 3.35, 3.45, 3.25,1011,1011,1011, 8.96243,10.17745, 7.42645, 0.44475,44,44,44,127,128,127,83,83,83,83,83,83
2013-03-03,16:40:00,600,11.27831,11.87960,10.31900, 0.26622,11.19010,11.78680,10.18030, 0.27540,10.41073,11.18593, 9.48874, 0.33485,60,2,59,3,55,56,54, 3.35, 3.35, 3.25,1011,1011,1011, 9.02662,10.26915, 7.15135, 0.45850,44,44,43,127,127,127,83,83,83,83,83,83
2013-03-03,16:50:00,600,11.73731,12.52220,10.73210, 0.30753,11.66287,12.47530,10.50160, 0.29835,10.71806,11.82811, 8.98417, 0.38989,68,3,65,4,58,60,56, 3.35, 3.45, 3.25,1011,1011,1011, 9.18251,10.49840, 8.11420, 0.47226,43,43,43,127,127,127,83,83,83,83,83,83
2013-03-03,17:00:00,600,11.59502,12.75170,10.41080, 0.41310,11.49763,12.56710,10.50160, 0.39933,10.45201,11.96572, 9.07591, 0.47246,69,2,70,3,61,62,60, 3.05, 3.25, 2.95,1011,1011,1011, 9.13207,10.72765, 7.47230, 0.53186,43,43,43,127,127,127,83,83,83,83,83,83
2013-03-03,17:10:00,600,11.86583,13.21070,10.31900, 0.52785,11.74549,13.02610,10.27210, 0.53244,10.72723,12.33268, 8.84656, 0.66512,66,3,68,4,64,66,62, 2.75, 2.95, 2.65,1011,1011,1011, 9.22836,11.18615, 7.60985, 0.64649,43,43,43,127,127,127,83,83,83,83,83,83
2013-03-03,17:20:00,600,11.37470,13.34840, 8.29940, 0.73440,11.24059,13.11790, 8.71150, 0.72522,10.37862,12.05746, 8.29612, 0.63759,61,3,61,4,67,67,66, 2.55, 2.65, 2.45,1011,1011,1011, 8.93950,10.63595, 7.42645, 0.60064,42,43,42,127,127,127,83,83,83,83,83,83
2013-03-03,17:30:00,600,11.17274,12.47630, 9.72230, 0.44523,11.08453,12.33760, 9.72130, 0.44064,10.53916,11.69050, 9.03004, 0.45870,61,2,59,3,68,69,67, 2.35, 2.45, 2.15,1011,1011,1011, 9.21919,10.63595, 6.69285, 0.63732,42,42,42,127,127,127,83,83,83,83,83,83
2013-03-03,17:40:00,600,11.58125,12.84350,10.41080, 0.47277,11.48386,12.79660,10.27210, 0.47277,10.69971,12.28681, 9.30526, 0.52751,60,3,58,3,69,70,69, 2.15, 2.25, 2.05,1011,1011,1010, 9.44844,11.23200, 7.83910, 0.58688,42,42,42,127,127,127,83,83,83,83,83,83
2013-03-03,17:50:00,600,11.77862,13.25660, 9.90590, 0.58293,11.66287,13.07200, 9.99670, 0.59211,10.91988,12.37855, 9.16765, 0.61007,60,3,57,3,70,71,69, 1.95, 2.05, 1.75,1011,1011,1010, 9.49887,11.36955, 7.83910, 0.58688,42,42,42,127,127,127,83,83,83,83,83,83
2013-03-03,18:00:00,600,11.22782,12.61400, 9.58460, 0.59211,11.14420,12.79660, 9.62950, 0.58752,10.40614,11.91985, 9.12178, 0.55961,60,3,58,4,72,73,71, 1.65, 1.75, 1.55,1011,1011,1011, 8.99911,10.54425, 7.47230, 0.58688,42,42,42,127,127,127,83,83,83,83,83,83
2013-03-03,18:10:00,600,11.48027,13.71560, 9.40100, 0.72522,11.36911,13.34740, 9.35410, 0.74817,10.44742,12.74551, 8.80069, 0.71098,65,3,62,4,74,74,73, 1.55, 1.65, 1.55,1011,1011,1011, 9.02662,11.64465, 7.38060, 0.63273,41,42,41,127,127,127,83,83,83,83,83,83
2013-03-03,18:20:00,600,12.50843,14.67950,10.64030, 0.66096,12.36973,14.03590,10.59340, 0.67473,11.23639,13.15834, 9.07591, 0.68346,66,3,66,5,75,76,74, 1.65, 1.65, 1.55,1011,1011,1011, 9.60891,11.82805, 7.65570, 0.66483,41,41,41,127,127,126,83,83,83,83,83,83
2013-03-03,18:30:00,600,12.15959,14.26640,10.36490, 0.76194,12.02548,14.26540, 9.90490, 0.77112,10.68595,13.29595, 8.70895, 0.77520,68,3,69,4,76,78,76, 1.65, 1.75, 1.55,1011,1011,1011, 9.22377,11.96560, 7.51815, 0.78862,41,41,41,127,127,126,83,83,83,83,83,83
2013-03-03,18:40:00,600,12.02648,13.48610, 9.49280, 0.66555,11.88319,13.34740, 9.58360, 0.67014,10.71347,12.88312, 8.38786, 0.76603,66,3,66,4,78,79,77, 1.45, 1.55, 1.35,1011,1011,1011, 9.17334,10.77350, 7.56400, 0.64190,41,41,41,126,127,126,83,83,83,83,83,83
2013-03-03,18:50:00,600,11.51699,13.57790, 9.67640, 0.75276,11.36911,13.62280, 9.62950, 0.74817,10.11716,13.02073, 8.06677, 0.73851,66,3,66,4,80,81,79, 1.35, 1.35, 1.25,1011,1011,1011, 8.51768,10.91105, 6.78455, 0.67858,41,41,41,126,127,126,83,83,83,83,83,83
2013-03-03,19:00:00,600,11.97599,13.85330,10.31900, 0.49572,11.86024,13.80640, 9.95080, 0.51408,10.74558,12.33268, 8.80069, 0.57796,67,2,67,4,81,82,81, 1.25, 1.35, 1.25,1011,1011,1011, 9.10915,10.86520, 7.19720, 0.64649,41,41,41,126,126,126,83,83,83,83,83,83
2013-03-03,19:10:00,600,11.89337,13.44020,10.27310, 0.51867,11.77303,13.16380, 9.90490, 0.50949,10.45201,12.28681, 8.57134, 0.56879,69,2,70,4,82,82,81, 1.35, 1.45, 1.35,1011,1011,1011, 8.85238,10.40670, 6.69285, 0.63732,41,41,41,126,126,126,83,83,83,83,83,83
2013-03-03,19:20:00,600,11.96681,13.44020,10.31900, 0.51867,11.83270,13.43920,10.08850, 0.53703,10.62632,12.37855, 9.03004, 0.55961,70,2,71,4,82,83,81, 1.45, 1.45, 1.35,1011,1011,1011, 9.07705,11.14030, 7.15135, 0.68775,41,41,41,126,126,126,83,83,83,83,83,83
2013-03-03,19:30:00,600,12.00812,13.76150,10.08950, 0.58293,11.86942,13.66870,10.08850, 0.56916,10.57586,12.10333, 9.21352, 0.56420,68,2,68,3,83,84,82, 1.55, 1.55, 1.45,1011,1011,1011, 9.01745,10.77350, 7.51815, 0.61439,41,41,40,126,126,126,83,83,83,83,83,83
2013-03-03,19:40:00,600,11.80157,13.94510,10.22720, 0.72063,11.67664,13.57690,10.22620, 0.70227,10.56669,12.79138, 8.38786, 0.66512,70,3,70,4,83,84,82, 1.55, 1.65, 1.45,1011,1011,1011, 8.96243,10.63595, 7.38060, 0.63273,40,40,40,126,126,126,83,83,83,83,83,83
2013-03-03,19:50:00,600,11.60420,13.89920, 9.67640, 0.67932,11.44714,13.89820, 9.35410, 0.68850,10.24101,12.10333, 8.20438, 0.65135,72,3,72,4,84,85,83, 1.35, 1.55, 1.25,1011,1011,1010, 8.60021,10.63595, 6.60115, 0.67858,40,40,40,126,126,126,83,83,83,83,83,83
2013-03-03,20:00:00,600,12.04484,13.62380,10.08950, 0.57375,11.91532,13.71460,10.31800, 0.54621,10.43825,12.24094, 8.29612, 0.58714,72,3,72,4,84,85,83, 1.55, 1.55, 1.55,1011,1011,1010, 8.50851,10.26915, 6.73870, 0.60064,40,40,40,126,126,126,83,83,83,83,83,83
2013-03-03,20:10:00,600,12.50384,14.08280,10.50260, 0.67932,12.32842,13.94410,10.04260, 0.70686,10.67219,12.56203, 8.25025, 0.76144,73,3,73,4,84,85,83, 1.75, 2.05, 1.55,1011,1011,1010, 8.69191,10.59010, 6.69285, 0.65566,40,40,40,126,126,126,83,83,83,83,83,83
2013-03-03,20:20:00,600,12.68744,14.12870,10.96160, 0.54621,12.51202,13.99000,10.82290, 0.56457,10.86025,13.15834, 8.93830, 0.61466,72,3,72,5,82,83,82, 2.05, 2.15, 2.05,1011,1011,1010, 8.81571,11.00275, 7.24305, 0.74277,40,40,40,126,126,126,83,83,83,83,83,83
2013-03-03,20:30:00,600,12.59564,14.12870, 9.95180, 0.62883,12.42481,13.89820, 9.76720, 0.63801,10.92447,12.56203, 8.93830, 0.65594,70,3,71,4,82,83,81, 2.05, 2.15, 1.95,1011,1011,1010, 8.97618,11.36955, 6.87625, 0.81155,40,40,40,126,126,126,83,83,83,83,83,83
2013-03-03,20:40:00,600,12.71957,14.54180,11.23700, 0.58293,12.57628,14.21950,10.86880, 0.57375,11.24097,13.02073, 9.44287, 0.66970,71,3,73,4,82,82,81, 2.05, 2.15, 2.05,1010,1011,1010, 9.56765,11.46125, 7.70155, 0.65107,40,40,40,126,126,126,83,83,83,83,83,83
2013-03-03,20:50:00,600,12.59105,13.99100,10.45670, 0.59211,12.44776,14.03590,10.50160, 0.57375,10.91530,12.69964, 8.89243, 0.65135,71,3,72,4,82,83,81, 2.05, 2.15, 1.95,1010,1010,1010, 9.12749,11.04860, 7.15135, 0.68775,41,41,40,126,126,126,83,83,83,83,83,83
2013-03-03,21:00:00,600,12.35696,13.85330,10.59440, 0.57834,12.19990,13.85230,10.31800, 0.61047,10.61714,12.65377, 8.57134, 0.63301,68,3,70,4,82,83,81, 1.95, 2.05, 1.95,1010,1011,1010, 8.85697,10.86520, 6.96795, 0.65107,41,41,41,126,126,126,83,83,83,83,83,83
2013-03-03,21:10:00,600,11.97599,13.57790,10.13540, 0.58752,11.83270,13.25560, 9.49180, 0.59670,10.38321,12.24094, 8.06677, 0.64218,69,3,69,4,82,83,82, 1.85, 1.95, 1.75,1010,1011,1010, 8.64148,10.40670, 6.96795, 0.62356,41,41,41,126,126,126,83,83,83,83,83,83
2013-03-03,21:20:00,600,11.31503,12.84350, 9.17150, 0.59211,11.17633,12.70480, 9.21640, 0.57834,10.01166,11.73637, 7.97503, 0.61925,65,3,65,4,83,84,82, 1.75, 1.85, 1.65,1010,1011,1010, 8.35262,11.32370, 6.18850, 0.74736,41,41,41,126,126,126,83,83,83,83,83,83
2013-03-03,21:30:00,600, 9.82328,11.87960, 7.19780, 0.99603, 9.73048,11.74090, 7.28860, 0.96390, 8.64473,11.00245, 5.95675, 1.00914,61,4,59,5,84,85,83, 1.45, 1.65, 1.25,1010,1011,1010, 7.14677, 9.99405, 4.67545, 1.02704,41,41,41,126,126,126,83,83,83,83,83,83
2013-03-03,21:40:00,600, 9.13478,12.29270, 7.06010, 0.88128, 9.01903,11.83270, 6.87550, 0.88587, 8.09888,10.45201, 6.36958, 0.72475,62,5,58,4,85,85,84, 1.25, 1.35, 1.15,1010,1011,1010, 6.86250, 8.52685, 5.45490, 0.55479,41,41,41,126,126,126,83,83,83,83,83,83
2013-03-03,21:50:00,600, 9.21740,11.65010, 7.24370, 0.70227, 9.09247,11.51140, 7.33450, 0.70227, 8.16310,10.26853, 6.27784, 0.66970,62,4,59,4,85,86,85, 1.05, 1.15, 0.95,1010,1011,1010, 7.02297, 9.12290, 5.95925, 0.50894,40,41,40,126,126,126,83,83,83,83,83,83
2013-03-03,22:00:00,600, 9.52034,12.01730, 6.78470, 1.07865, 9.43213,12.15400, 6.73780, 1.10619, 8.37410,10.86484, 5.91088, 0.94951,65,5,65,5,86,86,85, 0.85, 0.95, 0.85,1010,1010,1010, 6.85333, 9.53555, 4.85885, 0.95368,40,40,40,126,126,126,83,83,83,83,83,83
2013-03-03,22:10:00,600,10.75505,12.65990, 8.75840, 0.70686,10.61635,12.79660, 8.48200, 0.72981, 9.47957,11.91985, 7.83742, 0.65594,65,4,64,5,85,86,84, 1.05, 1.05, 0.85,1010,1010,1010, 7.91246,10.31500, 5.40905, 0.72443,40,40,40,126,126,126,83,83,83,83,83,83
2013-03-03,22:20:00,600,10.72292,12.47630, 8.25350, 0.75276,10.61176,12.61300, 8.11480, 0.75276, 9.32820,11.82811, 7.42459, 0.77520,65,4,65,5,83,84,83, 1.05, 1.15, 0.95,1010,1010,1010, 7.54566, 9.58140, 5.54660, 0.70151,40,40,40,126,126,126,83,83,83,83,83,83
2013-03-03,22:30:00,600,10.78259,12.29270, 8.80430, 0.67932,10.66225,12.33760, 8.66560, 0.67014, 9.50250,12.28681, 7.47046, 0.70181,68,3,69,4,83,83,82, 1.15, 1.15, 1.05,1010,1011,1010, 8.05918,10.03990, 6.09680, 0.79321,40,40,40,126,126,126,83,83,83,83,83,83
2013-03-03,22:40:00,600,11.17274,13.25660, 9.49280, 0.72981,11.07535,13.20970, 9.30820, 0.72981, 9.64929,12.05746, 7.83742, 0.71098,67,3,68,4,83,84,82, 1.15, 1.25, 1.15,1010,1010,1010, 8.14171,10.36085, 6.69285, 0.64190,40,40,40,126,126,126,83,83,83,83,83,83
2013-03-03,22:50:00,600,11.16815,12.88940, 9.53870, 0.64719,11.03863,12.84250, 9.44590, 0.63342, 9.75937,11.64463, 7.24111, 0.69264,67,3,66,5,82,83,82, 1.25, 1.25, 1.25,1010,1010,1010, 8.08211,10.08575, 6.41775, 0.69234,40,40,40,126,126,126,83,83,83,83,83,83
2013-03-03,23:00:00,600,11.08094,13.16480, 9.30920, 0.54162,10.95142,12.61300, 9.12460, 0.55998, 9.72726,11.14006, 8.25025, 0.52751,66,3,66,4,82,83,82, 1.15, 1.25, 1.15,1010,1010,1010, 8.15547,10.08575, 6.60115, 0.52728,40,40,40,126,126,126,83,83,83,83,83,83
2013-03-03,23:10:00,600,11.08094,12.43040, 9.35510, 0.51867,10.91470,12.42940, 9.62950, 0.51408, 9.62635,11.32354, 7.65394, 0.55961,67,3,67,4,83,83,83, 1.15, 1.15, 1.15,1010,1010,1010, 7.92622, 9.39800, 6.23435, 0.54562,40,40,40,126,126,126,83,83,83,83,83,83
2013-03-03,23:20:00,600,11.45273,13.25660, 9.86000, 0.58752,11.35075,13.30150, 9.49180, 0.60129, 9.95203,11.82811, 7.83742, 0.66512,69,3,69,4,83,84,83, 1.15, 1.25, 1.15,1010,1010,1009, 8.30677,10.36085, 6.18850, 0.68317,40,40,40,126,126,126,83,83,83,83,83,83
2013-03-03,23:30:00,600,11.48027,13.39430, 8.48300, 0.72063,11.37829,13.30150, 8.71150, 0.72522, 9.99790,11.87398, 7.69981, 0.74768,69,3,70,4,83,83,82, 1.15, 1.25, 1.15,1010,1010,1009, 8.46725,10.40670, 6.32605, 0.69692,40,40,40,126,126,126,83,83,83,83,83,83
2013-03-03,23:40:00,600,11.42060,13.02710, 9.44690, 0.60588,11.31862,13.07200, 9.44590, 0.60588,10.12175,12.10333, 7.56220, 0.70640,68,3,68,4,83,84,83, 1.15, 1.15, 1.05,1010,1010,1009, 8.56353,10.22330, 6.87625, 0.65107,40,40,40,126,126,126,83,83,83,83,83,83
2013-03-03,23:50:00,600,11.44814,13.71560, 9.58460, 0.64719,11.33698,13.62280, 9.26230, 0.65178,10.04377,12.01159, 8.34199, 0.63759,68,3,68,4,84,85,83, 1.05, 1.15, 1.05,1010,1010,1009, 8.41681,10.26915, 6.14265, 0.64190,40,40,40,126,126,126,83,83,83,83,83,83
2013-03-04,00:00:00,600,11.42060,13.07300, 9.17150, 0.59670,11.28190,13.02610, 8.94100, 0.59670,10.03459,12.24094, 8.25025, 0.59172,68,3,68,4,84,85,84, 1.15, 1.25, 1.05,1009,1010,1009, 8.61397,10.54425, 6.96795, 0.63732,40,40,40,126,126,126,83,83,83,83,83,83
